epoch,accuracy,loss,val_accuracy,val_loss
0,0.039063405245542526,5.1270341873168945,0.07510431110858917,4.867537498474121
1,0.0841543972492218,4.800004959106445,0.10152990370988846,4.628077983856201
2,0.11591514945030212,4.469756126403809,0.13073714077472687,4.478117942810059
3,0.1724817454814911,4.02485466003418,0.15391747653484344,4.3916335105896
4,0.24052393436431885,3.4957659244537354,0.15669912099838257,4.42410135269165
5,0.3390518128871918,2.8823273181915283,0.16411682963371277,4.675265312194824
6,0.42842239141464233,2.328652858734131,0.17292535305023193,5.023482322692871
7,0.5446853041648865,1.7559934854507446,0.1743161827325821,5.450219631195068
8,0.6102932691574097,1.4559032917022705,0.18034306168556213,5.864439964294434
