epoch,accuracy,loss,val_accuracy,val_loss
0,0.04467029124498367,5.098522186279297,0.07603152841329575,4.844086170196533
1,0.07775939255952835,4.791873931884766,0.11172925680875778,4.603141784667969
2,0.11309383064508438,4.455501556396484,0.13444599509239197,4.435711860656738
3,0.1728905737400055,3.9449026584625244,0.1293463110923767,4.452390670776367
4,0.2676672041416168,3.2351150512695312,0.12656466662883759,4.7153425216674805
5,0.41184118390083313,2.413055896759033,0.11590171605348587,5.196463584899902
6,0.5991491079330444,1.5520291328430176,0.12517385184764862,5.82200813293457
7,0.683526337146759,1.1801468133926392,0.12100139260292053,6.66176700592041
