epoch,accuracy,loss,val_accuracy,val_loss
0,0.024805841967463493,5.279289245605469,0.024571163579821587,5.276937007904053
1,0.024110350757837296,5.275646686553955,0.024571163579821587,5.273160934448242
