Model,Val Accuracy
MobileNetV2,0.5428836345672607
VGG16,0.4116829037666321
ResNet50,0.14742697775363922
DenseNet121,0.13120074570178986
EfficientNetB0,0.05006954073905945
